ID,Title,Category,Summary,Skills Needed,Assets Helpful,Difficulty (1-5),Time to Cash (1-5),Startup Cost (1-5),Revenue Potential (1-5),Demand Tags,Example Tasks,Example Prompts,Scoring Factors (What Makes This Rank Higher)
1,AI Blog Article Generator,Services,"Create optimized, keyword-rich blog content for clients using AI tools like ChatGPT. Offer SEO-driven articles, pillar pages, and bulk post packages for agencies and small businesses.",writing;seo;prompt-engineering,chatgpt;surferseo,2,2,1,3,content;writing;freelance,,,
2,AI Video Scriptwriter,Services,"Use ChatGPT and Sora to write creative, high-converting scripts for YouTubers, brands, and UGC creators. Provide packages for hooks, pacing, story arcs, and on-screen directions.",scriptwriting;storytelling;research,chatgpt;sora,2,2,1,4,content;video;writing,,,
3,Print-on-Demand Artwork,Commerce,"Sell AI-generated designs on T-shirts, mugs, posters, and home decor through Printify or Redbubble. Focus on niche humor, quotes, and trend cycles for consistent sales.",graphic-design;prompt-engineering;marketing,midjourney;canva;printify,1,1,1,3,commerce;art;print-on-demand,,,
4,Faceless YouTube Channel,Content,"Launch a channel using AI voices, stock footage, and Midjourney visuals. Target evergreen topics like finance, motivation, or tech explainers for ad revenue and affiliate deals.",video-editing;voiceover;automation,chatgpt;elevenlabs;runway,2,2,2,4,content;youtube;automation,,,
5,Resume & Cover Letter Writing,Services,"Offer AI-assisted resume and cover-letter writing for job seekers. Use ChatGPT to tailor tone, keywords, and formatting to ATS systems and recruiter expectations.",writing;career-coaching;editing,chatgpt;grammarly,1,1,1,3,freelance;career;education,,,
6,Website Copy Optimizer,Services,Rewrite and polish website copy to improve conversions and clarity using AI suggestions. Offer CRO-friendly rewrites and A/B test versions for SaaS and B2B clients.,copywriting;seo;editing,chatgpt;notion,2,2,1,4,b2b;content;copywriting,,,
7,Midjourney Prompt Packs,Digital Products,"Curate and sell prompt packs for designers, photographers, or marketers using Midjourney v7. Bundle aesthetic styles, lighting setups, and brand-tone presets.",prompt-engineering;design,midjourney;gumroad,1,1,1,3,digital-products;prompts;midjourney,,,
8,Prompt Engineering Services,Services,"Offer custom prompt optimization for marketers, writers, or tech teams. Build reusable prompt libraries and consultation sessions to help clients get better AI outputs.",prompt-engineering;research;communication,chatgpt;claude,3,2,2,4,b2b;prompts;consulting,,,
9,AI Translation & Localization,Services,"Use DeepL and ChatGPT to translate and culturally adapt content for global audiences. Provide tone-checking, idiomatic corrections, and context-aware phrasing.",translation;localization;editing,deepl;chatgpt,2,2,1,3,translation;localization;content,,,
10,Social Media Caption Generator,Services,"Write on-brand captions, hashtags, and calls-to-action for small businesses using AI. Offer monthly caption packs for Instagram, LinkedIn, and TikTok.",copywriting;social-media;prompt-engineering,chatgpt;canva,1,1,1,3,marketing;social;automation,,,
11,Canva + AI Template Shop,Digital Products,"Design social media templates, slide decks, and planners using Canva and AI copy prompts. Sell them on Gumroad or Etsy for passive income.",design;marketing;branding,canva;midjourney;gumroad,1,1,1,3,digital-products;design;templates,,,
12,AI-Powered Trading Insights,Services,Use ChatGPT or Claude to summarize market news and generate trading insights (non-financial advice). Package alerts or dashboards for traders and investors.,finance;analytics;ai,chatgpt;notion;tradingview,4,4,3,5,finance;analytics;trading,,,
13,Data Labeling Tasks,Services,"Join data-labeling platforms to annotate images, text, or audio for AI model training. Reliable entry-level income with flexible hours.",data-entry;attention-to-detail,outlier;remotasks,1,1,1,2,freelance;ai;data,,,
14,Custom GPT Creator,Services,"Design, train, and market niche GPTs for tasks like HR, fitness, or marketing. Sell access or bundles via the GPT Store or Gumroad.",prompt-engineering;product-design;copywriting,chatgpt;gpt-store,3,3,2,4,gpts;consulting;digital-products,,,
15,Video Editing Automation,Services,"Use Runway or Pika to auto-cut, caption, and resize videos. Offer short-form packages for TikTok and YouTube creators.",video-editing;automation;creative,runway;pika;capcut,2,2,2,4,video;automation;content,,,
16,Chatbot Building Services,SaaS,Develop AI chatbots for websites or WhatsApp to handle customer queries and lead capture. Offer subscription maintenance for recurring revenue.,automation;nlp;development,openai-api;zapier,3,3,2,5,b2b;automation;support,,,
17,Affiliate Marketing with AI,Commerce,"Use ChatGPT to research trending products, write reviews, and generate SEO-optimized blogs or TikToks promoting affiliate links.",marketing;seo;automation,chatgpt;notion,2,2,1,4,marketing;affiliate;automation,,,
18,Podcast Automation Concierge,Services,"Handle podcast automation: AI summaries, clip editing, cover art, and transcripts. Bundle content for repurposing across platforms.",audio-editing;writing;automation,descript;elevenlabs;capcut,2,2,2,3,podcasts;repurposing;audio,,,
19,AI Canva Etsy Business,Commerce,"Sell AI-generated art, planners, or templates on Etsy. Use Canva for design layout and ChatGPT for keyword-optimized descriptions.",design;marketing;branding,canva;chatgpt;etsy,1,1,1,3,commerce;etsy;digital-products,,,
20,Real-Estate Listing Enhancer,Services,"Use AI to rewrite real estate listings, upscale photos, and generate neighborhood blurbs. Offer premium packages for agents.",real-estate;copywriting;image-editing,midjourney;chatgpt;mls-tools,2,1,2,4,real-estate;listings;b2b,,,
21,AI Social Post Factory,Services,"Convert blogs, transcripts, or whitepapers into social posts. Automate formatting, tone, and scheduling for busy creators.",copywriting;editing;automation,chatgpt;buffer,2,1,1,3,content;social;repurposing,,,
22,LinkedIn DM Outreach,Services,Create personalized LinkedIn outreach sequences with AI for lead generation. Focus on B2B professionals and recruiters.,copywriting;sales;crm,chatgpt;hubspot,2,2,1,4,b2b;outreach;sales,,,
23,YouTube Thumbnail Designer,Services,Generate high-CTR thumbnails using Midjourney and design psychology principles. Offer quick-turn bundles to creators.,design;research;prompt-engineering,midjourney;photoroom,1,1,1,3,youtube;design;thumbnails,,,
24,Newsletter Ghostwriter,Services,"Write recurring newsletters using AI-drafted insights, summaries, and tone matching. Target thought leaders and niche publishers.",writing;editing;email,chatgpt;mailchimp,2,2,1,3,content;email;freelance,,,
25,Podcast Show Notes Writer,Services,Transcribe and summarize podcast episodes using AI tools like Otter and Descript. Deliver formatted timestamps and quotable highlights.,writing;listening;editing,descript;otter,1,1,1,2,podcasts;writing;freelance,,,
26,SEO Brief Builder,Services,"Generate keyword maps, titles, and outlines for blogs or landing pages. Sell SEO-ready briefs to writers and agencies.",seo;research;writing,chatgpt;ahrefs,2,2,1,4,seo;content;b2b,,,
27,Quora/Reddit Response Writer,Services,Write expert-style answers on Quora or Reddit to build authority for brands. Use AI to research and paraphrase credible insights.,research;writing;community,chatgpt;notion,1,1,1,2,content;community;growth,,,
28,Lead Magnet Kit,Digital Products,"Design lead magnets such as checklists, PDFs, and mini-ebooks using AI copywriting. Bundle templates and sell via Gumroad.",design;copywriting;marketing,canva;chatgpt,1,1,1,3,digital-products;lead-gen;templates,,,
29,Course Outline Generator,Services,"Use ChatGPT to structure courses, lessons, and outcomes for educators or coaches. Offer delivery-ready outlines and learning objectives.",education;writing;instructional-design,chatgpt;notion,2,2,1,3,education;courses;content,,,
30,Slides Polishing Studio,Services,"Polish client slides with AI tone, layout, and structure improvements. Add visual prompts and grammar refinement.",design;copywriting;editing,chatgpt;gamma,1,2,1,3,slides;presentations;b2b,,,
31,Grant Summary Writer,Services,Summarize complex grant RFPs and create simple outlines for nonprofits. Offer quick-turn services before deadlines.,writing;research;nonprofit,chatgpt;google,2,2,1,3,nonprofit;grants;writing,,,
32,Micro-SaaS Idea Screener,Services,"Validate micro-SaaS ideas by researching competitors, user pain points, and monetization routes with AI assistance.",research;marketing;product,chatgpt;framer,3,3,2,4,startups;validation;saas,,,
33,Amazon Listing Optimizer,Services,Revise Amazon listings using AI keyword data and persuasive copy techniques. Improve rankings and click-through rates.,copywriting;seo;ecommerce,chatgpt;helium10,2,2,1,4,amazon;copywriting;ecommerce,,,
34,Shopify Product Descriptions,Services,"Generate persuasive Shopify product descriptions with optimized titles, FAQs, and upsell suggestions.",copywriting;seo;ecommerce,chatgpt;shopify,2,2,1,3,ecommerce;copywriting;shopify,,,
35,UGC Script Pack,Digital Products,"Sell ready-to-record UGC ad scripts optimized for TikTok, Reels, and Shorts. Bundle by niche and tone.",scriptwriting;marketing;trends,chatgpt;capcut,1,1,1,3,ugc;scripts;ads,,,
36,Cold Email Personalizer,SaaS,Build or resell tools that create personalized cold emails at scale. Integrate AI with CRM systems like HubSpot or Apollo.,automation;sales;nlp,openai-api;zapier,3,3,2,5,b2b;sales;automation,,,
37,Local SEO Content Kit,Services,"Use AI to write geo-specific landing pages for local service businesses. Bundle content for plumbers, realtors, salons, etc.",seo;writing;local,chatgpt;surferseo,2,2,1,3,seo;local;services,,,
38,AI Meme Studio,Content,Use Midjourney and ChatGPT to create and caption viral meme packs. Sell bundles to social-media managers or agencies.,design;trends;copy,midjourney;chatgpt,1,1,1,2,social;memes;content,,,
39,Docs-to-Notion Migration,Services,Convert messy docs or SOPs into organized Notion pages using AI formatting and categorization.,ops;notion;writing,chatgpt;notion,2,2,1,3,notion;ops;services,,,
40,Meeting Notes Summarizer,Services,Summarize and share meeting notes automatically using AI transcription and summary tools like Otter or Fireflies.,writing;ops;listening,otter;chatgpt,2,2,1,3,ops;notes;automation,,,
41,Recruiter Job Description Writer,Services,"Use ChatGPT to create clear, inclusive job descriptions and benchmarking data for recruiters and hiring teams.",hr;writing;research,chatgpt;linkedin,1,2,1,3,hr;jobs;content,,,
42,Interview Question Generator,Services,"Generate role-specific interview questions, scoring rubrics, and candidate tasks using AI.",hr;research;writing,chatgpt;notion,1,1,1,2,hr;interview;content,,,
43,Customer Testimonial Polisher,Services,Edit and format customer testimonials for readability and tone consistency using AI.,editing;copywriting;brand,chatgpt;grammarly,1,1,1,2,brand;social-proof;content,,,
44,Onboarding Guide Writer,Services,Use ChatGPT to draft step-by-step onboarding guides and process docs for new hires.,ops;writing;training,chatgpt;notion,2,2,1,3,ops;docs;hr,,,
45,FAQ Knowledge Base Builder,Services,"Generate and organize company FAQs, product pages, and helpdesk content using AI for clarity and tone.",ops;writing;support,chatgpt;gdocs,2,2,1,3,support;docs;ops,,,
46,Landing Page CRO Copy,Services,Use AI copy tools to improve landing-page conversions with stronger CTAs and objection handling.,copywriting;seo;analytics,chatgpt;ga4,2,2,1,4,cro;landing;copy,,,
47,Sales Battlecard Generator,Services,"Create AI-summarized battlecards outlining competitors’ pricing, strengths, and objection responses.",sales;research;copy,chatgpt;notion,2,2,1,4,sales;enablement;b2b,,,
48,Micro-Influencer Outreach,Services,Research micro-influencers and draft personalized outreach messages for collaborations using AI templates.,research;outreach;social,chatgpt;google,2,2,1,3,social;influencer;outreach,,,
49,Repurpose Webinar to Blog,Services,"Turn recorded webinars into blog posts, snippets, and social copy using AI transcription and summarization.",writing;editing;video,chatgpt;capcut,2,2,1,3,repurposing;webinar;content,,,
50,Lead Scoring Rules,Services,Use AI to design lead-scoring rules based on signals from CRMs or web behavior. Deliver documentation and integration steps.,sales;crm;analytics,hubspot;chatgpt,2,2,1,4,b2b;crm;scoring,,,
51,Slide Narrative Polish,Services,"Rewrite slide decks for clarity, flow, and persuasive storytelling using AI. Optimize structure, visuals, and transitions to match professional presentation standards.",writing;design;editing,gamma;chatgpt,1,2,1,3,slides;story;content,,,
52,Email Newsletter Ideas,Services,Use AI to brainstorm content ideas and outlines for recurring newsletters. Provide creators and solopreneurs with ready-to-write topic packs each week.,writing;marketing;research,chatgpt;notion,1,1,1,2,email;content;ideas,,,
53,Course Sales Page Copy,Services,Write persuasive copy for online courses using AI-driven tone and keyword insights. Deliver high-converting sales pages and email follow-ups.,copywriting;funnels;education,chatgpt;canva,2,2,1,4,education;funnels;copy,,,
54,AI Dubbing for Shorts,Services,"Offer localization for short-form videos using AI-generated voices, subtitles, and transcripts in multiple languages.",voiceover;video;editing,elevenlabs;capcut,2,2,2,3,video;localization;shorts,,,
55,Creator Sponsorship Emails,Services,Draft personalized sponsorship pitches for creators using AI tone-matching and data scraping from potential brand partners.,sales;copy;design,chatgpt;canva,2,2,1,3,creators;sponsorship;email,,,
56,Template Storefront,Digital Products,"Sell AI-enhanced templates for SOPs, emails, content calendars, or social posts. Target small businesses and solopreneurs for recurring sales.",templates;writing;design,canva;gumroad,1,1,1,3,digital-products;templates;content,,,
57,Legal Clause Summarizer,Services,Summarize contracts and highlight potential risks using AI models (with disclaimers). Perfect for small businesses needing clarity before legal review.,reading;writing;policy,chatgpt;gdocs,3,3,1,3,legal;policy;summary,,,
58,Job Search Concierge,Services,"Provide done-for-you job application support using AI for resumes, cover letters, and recruiter outreach sequences.",writing;career;ops,chatgpt;notion,2,2,1,3,career;jobs;content,,,
59,Product Review Article Studio,Services,Use AI to write detailed product roundups with affiliate links and SEO metadata for Amazon Associates or niche blogs.,writing;seo;affiliate,chatgpt;surferseo,2,3,1,4,affiliate;seo;content,,,
60,YouTube Ideas to Scripts,Services,"Turn content ideas or trending topics into full scripts with optimized hooks, storytelling arcs, and CTAs.",scriptwriting;research;story,chatgpt;sheets,2,2,1,3,youtube;scripts;content,,,
61,Brand Voice Guide,Services,"Use AI to analyze tone and create brand voice documents for consistent content creation. Deliver examples, rules, and word banks.",branding;copy;editing,chatgpt;notion,2,2,1,3,brand;voice;guides,,,
62,Ghostwriter for Founders,Services,Offer ghostwriting for founders’ social posts and articles using AI tone mimicry. Provide weekly content calendars and analytics summaries.,copy;research;ops,chatgpt;buffer,2,2,1,4,founders;social;ghostwriting,,,
63,Influencer Brief Writer,Services,"Generate campaign briefs outlining goals, deliverables, tone, and compensation for influencer collaborations using AI templates.",copy;ops;marketing,chatgpt;notion,1,2,1,3,influencer;briefs;marketing,,,
64,Case Study Writer,Services,"Interview clients, summarize success metrics, and format case studies for businesses using AI summarization and layout suggestions.",interview;writing;analytics,chatgpt;gdocs,2,3,1,4,b2b;case-study;content,,,
65,Email Sequence Builder,Services,"Create AI-personalized email sequences for sales funnels, product launches, or onboarding campaigns.",copy;crm;strategy,chatgpt;mailchimp,2,2,1,4,email;crm;copy,,,
66,Pinterest Pin Pack,Digital Products,Design aesthetic Pinterest templates and AI-generated captions optimized for traffic. Bundle by niche or seasonal theme.,design;copy;seo,canva;chatgpt,1,1,1,2,pinterest;templates;content,,,
67,Content Calendar Builder,Services,Plan and organize 30-day content calendars using AI to generate daily post ideas and engagement prompts.,planning;copy;social,chatgpt;notion,2,1,1,3,calendar;content;social,,,
68,Short Video Scripts,Services,"Write optimized short-form scripts for TikTok, YouTube Shorts, and Reels. Use AI to match trending formats and attention hooks.",scriptwriting;trends;copy,chatgpt;capcut,1,1,1,3,shorts;tiktok;reels,,,
69,Ad Angle Variations,Services,"Generate multiple ad angle scripts for split testing. Use AI to test different pain points, tones, and CTAs for improved conversions.",ads;copy;experiments,chatgpt;sheet,2,2,1,4,ads;variation;copy,,,
70,UGC Briefs,Services,"Create structured briefs for creators producing UGC ads. Include shot lists, tone notes, and brand compliance checks.",briefs;copy;ugc,chatgpt;gdocs,1,1,1,3,ugc;briefs;ads,,,
71,Caption + Hashtag Lab,Services,Generate AI-optimized captions and hashtags based on audience tone and platform algorithms. Offer subscription-based weekly drops.,copy;social;research,chatgpt;notion,1,1,1,2,social;hashtag;captions,,,
72,Outreach Persona Builder,Services,Build audience personas and messaging pillars using AI clustering and survey summaries. Great for agencies and creators.,persona;copy;research,chatgpt;notion,2,2,1,3,persona;outreach;copy,,,
73,TikTok Hook Generator,Services,"Use AI to generate scroll-stopping hooks for viral TikToks or ads, organized by niche and tone. Deliver batches or retainers.",copy;trends;social,chatgpt;capcut,1,1,1,3,tiktok;hooks;content,,,
74,Blog to Email Digest,Services,Convert existing blogs into concise email digests with compelling CTAs. Offer repackaged summaries for brands with consistent output.,writing;editing;email,chatgpt;mailerlite,1,1,1,2,email;digest;repurpose,,,
75,Whitepaper Condenser,Services,Summarize technical whitepapers into executive summaries using AI simplification tools. Add charts and key takeaways.,summary;writing;research,chatgpt;gdocs,2,2,1,3,whitepaper;exec;summary,,,
76,AI Brand Naming,Services,Generate and validate brand names using AI. Include domain and social handle checks for availability.,naming;research;copy,chatgpt;namechk,2,2,1,3,branding;naming;domains,,,
77,Micro-Offer Validation,Services,"Test new digital offers by using AI to quickly build landing pages, run ads, and track conversions. Provide a validation report.",validation;ads;copy,chatgpt;framer,2,3,1,4,validation;ads;lp,,,
78,Template + Tutorial Bundle,Digital Products,Combine ready-to-use templates with tutorial PDFs or videos created using AI. Sell bundles through Gumroad or Notion.,templates;copy;education,canva;gumroad,1,1,1,3,templates;bundle;digital,,,
79,Course FAQ Writer,Services,Generate FAQ sections and help articles for online courses or learning platforms. Tailor answers to tone and audience.,copy;ops;education,chatgpt;notion,1,1,1,3,education;faq;support,,,
80,Video B-Roll Finder,Services,"Use AI to identify relevant b-roll shots, create shot lists, and suggest stock or generated assets. Perfect for video editors and agencies.",video;research;script,chatgpt;runway,1,1,1,2,video;broll;script,,,
81,SEO Title/Meta Pack,Services,Create title and meta description sets for websites. Include keyword clustering and competitor gap analysis.,seo;copy;web,chatgpt;sheet,1,1,1,2,seo;meta;web,,,
82,Press Release Boilerplate,Services,"Write PR boilerplates for brands, including media quotes and formatted templates ready for distribution.",pr;copy;brand,chatgpt;gdocs,1,2,1,3,pr;boilerplate;brand,,,
83,Mini-PR Kit,Digital Products,"Bundle AI-written press boilerplates, quote templates, and media list organizers. Sell as a plug-and-play PR starter pack.",pr;templates;copy,canva;gumroad,1,1,1,3,pr;templates;copy,,,
84,Product FAQ Pack,Digital Products,"Sell ready-made FAQ templates organized by niche or product type, with AI personalization prompts included.",templates;copy;product,canva;gumroad,1,1,1,3,faq;templates;product,,,
85,Internal Newsletter Drafts,Services,"Use AI to create internal updates, HR communications, and team highlight stories. Maintain tone and confidentiality compliance.",copy;ops;internal,chatgpt;notion,1,1,1,3,internal;newsletter;ops,,,
86,Customer Interview Summaries,Services,Summarize recorded customer interviews into insight summaries and quotes. Perfect for product or UX research teams.,listening;summary;research,chatgpt;notion,2,2,1,3,research;interview;summary,,,
87,How-To Guide Builder,Services,Turn processes or tutorials into formatted how-to guides using AI content and Canva visuals.,docs;copy;design,chatgpt;canva,1,1,1,3,docs;howto;guides,,,
88,AI Support Macros,Services,Use AI to create macro libraries for support tickets and FAQs. Automate tone and tagging systems for better CSAT.,support;copy;ops,chatgpt;zendesk,2,2,1,4,support;macros;ops,,,
89,Weekly Performance Digest,Services,"Generate automatic performance digests with AI — compile KPIs, wins, and tasks into an executive summary email.",analytics;ops;copy,chatgpt;sheet,2,2,1,3,analytics;digest;ops,,,
90,AI-Aided Brand Guide,Services,"Develop brand guidebooks with tone examples, design prompts, and visuals created through AI design tools.",brand;design;copy,chatgpt;canva,2,2,1,3,brand;guide;copy,,,
91,Micro-SOP Builder,Services,Use AI to turn repetitive tasks into SOPs for teams. Deliver in Notion or Docs format for plug-and-play use.,ops;copy;process,chatgpt;notion,1,1,1,3,ops;sop;docs,,,
92,Competitor Snapshot,Services,"Summarize competitor research, product features, and positioning into formatted reports. Provide optional slide-ready visuals.",research;copy;analysis,chatgpt;google,2,2,1,3,competitor;summary;analysis,,,
93,Outreach Angle Matrix,Services,Map message angles for each audience persona and stage of funnel using AI ideation tools.,copy;matrix;persona,chatgpt;sheet,1,1,1,3,angles;matrix;persona,,,
94,Newsletter Monetization Finder,Services,Identify and match newsletters with potential sponsors using AI data scraping and keyword matching.,research;ads;copy,chatgpt;google,2,2,1,4,newsletter;ads;pitch,,,
95,Affiliate Offer Analyzer,Services,"Analyze affiliate offers for payout, cookie window, and promotional terms. Generate comparison tables for content creators.",affiliate;analysis;seo,chatgpt;sheet,2,2,1,3,affiliate;analysis;seo,,,
96,Link-Building Outreach,Services,Use AI to identify link-building opportunities and draft outreach emails for SEO campaigns.,seo;copy;outreach,chatgpt;sheet,2,3,1,4,seo;outreach;b2b,,,
97,Influencer Contract Summaries,Services,Summarize and highlight critical contract clauses for influencers (non-legal review). Use AI for tone and risk checks.,reading;policy;ops,chatgpt;gdocs,2,2,1,3,influencer;contracts;summary,,,
98,YouTube Timestamp Cutter,Services,"Generate timestamps, highlight reels, and chapter markers from videos using AI transcription tools.",video;editing;summary,chatgpt;capcut,1,1,1,2,youtube;timestamps;clips,,,
99,Image Upscale & Clean,Services,"Use AI to upscale, remove noise, and clean images for clients in ecommerce and design. Offer batch packages.",image;editing;cleanup,topaz;photoshop,2,2,2,3,image;upscale;cleanup,,,
100,Caption Translation Pack,Services,Translate video captions and subtitles into multiple languages using AI. Offer export-ready SRT files.,translation;video;subtitles,deepl;capcut,1,1,1,3,translation;shorts;captions,,,
101,Sora Ad Sprint Studio,Services,"Offer 48-hour ad production sprints using Sora, Runway, and Pika. Script, generate, and edit brand-safe ads that are ready for launch — perfect for fast-moving DTC brands.",scriptwriting;video-editing;prompt-engineering;brand-safety,sora;runway;pika;capcut,3,2,2,4,video;sora;ads;ugc,,,
102,Sora Safety & Licensing Check,Services,"Conduct AI video audits before publishing — check likeness rights, logo permissions, and visual safety using AI-powered legal scans and policy databases.",compliance;brand-safety;research,sora;policy-db;excel,2,2,1,3,compliance;ai-video;licensing,,,
103,Sora Localization Pack,Services,Create multilingual versions of master videos using ElevenLabs and Sora for AI dubbing and subtitles. Keep voice consent logs for compliance.,localization;voiceover;project-management,sora;elevenlabs;capcut,3,2,2,4,localization;voiceover;video,,,
104,Runway/Pika Re-edit Lab,Services,"Repurpose existing brand footage into short-form ads using Runway and Pika. Automate aspect-ratio changes, cuts, captions, and style guides.",video-editing;content-repurposing;analytics,runway;pika;capcut,2,1,2,3,shorts;repurposing;video,,,
105,UGC → AI Video Finisher,Services,"Enhance user-generated content with AI visuals, synced captions, and sound design. Turn raw creator videos into brand-quality deliverables.",video-editing;sound-design;prompt-engineering,sora;runway;pika;descript,2,2,2,3,ugc;ads;video,,,
106,AI Likeness Clearance Concierge,Services,"Offer consent management and legal coordination for AI likeness usage in ads and videos. Handle forms, fee estimates, and watermarking protocols.",legal;compliance;project-management,contract-templates;watermarking-tools;notion,2,2,1,4,brand-safety;legal;likeness,,,
107,Deepfake Incident Response Kit,Digital Products,"Sell templates and playbooks for responding to deepfake or identity misuse events. Include takedown letters, platform forms, and evidence log templates.",legal-writing;ops;crisis-response,policy-db;google-docs;notion,2,1,1,3,brand-safety;trust-safety;legal,,,
108,Model Output Audit Service,Services,"Offer quality assurance for AI-generated outputs — test for compliance, brand safety, and accuracy across audio, voice, or image content.",audio;policy;qa,elevenlabs;suno;checklists,3,2,2,4,compliance;audio;qa,,,
109,Suno Jingle Subscription,Services,Provide recurring micro-jingle creation for brands and podcasts. Deliver 10–20 second stingers with stems and commercial licensing.,music-production;audio-editing;branding,suno;audacity;drive,2,2,1,3,audio;branding;music,,,
110,AI Voiceover Localization Hub,Services,"Translate and dub voiceovers for international brands using ElevenLabs, CapCut, and DeepL. Provide multilingual consent logs and rights management.",voiceover;localization;project-management,elevenlabs;deepl;capcut,2,2,2,4,voiceover;localization;audio,,,
111,Podcast Automation Concierge,Services,"Automate podcasts from raw audio to finished clips — generate summaries, blog posts, and visuals using tools like Descript and ElevenLabs.",audio-editing;writing;video-editing,descript;elevenlabs;capcut,2,2,2,3,podcasts;repurposing;audio,,,
112,GPT Store ASO & Monetization Agency,Services,"Optimize GPT listings on OpenAI’s store — craft titles, visuals, and descriptions that improve discovery and conversions. Offer rev-share or retainers.",seo;copywriting;prompt-engineering,gpt-store;figma;notion,2,2,1,4,gpts;aso;growth,,,
113,GPT Portfolio Operator,Services,"Manage and monetize collections of niche GPTs — run A/B prompt tests, track engagement, and publish updates to rank higher on the GPT Store.",ops;analytics;prompt-engineering,gpt-store;notion;excel,3,2,2,4,gpts;operations;growth,,,
114,Enterprise GPT Hardening,Services,"Secure enterprise GPT deployments with RAG integration, logging, and privacy workflows. Package as a compliance-ready implementation plan.",security;rag;prompt-engineering,vector-db;proxy;policy,4,3,3,5,b2b;security;gpts,,,
115,Email Inbox Agent for SMBs,SaaS,Create an AI assistant that organizes and drafts replies for small businesses. Offer setup and human-in-the-loop review services for monthly fees.,automation;nlp;ops,openai-api;gmail-api;zapier,3,2,2,4,agents;email;ops,,,
116,Back-office Ops Agent,SaaS,"Automate repetitive business workflows — invoice reconciliation, data cleanup, and file renaming. Connect using Zapier, Make, or custom APIs.",automation;integrations;ops,zapier;make;openai-api,3,2,2,4,agents;automation;b2b,,,
117,Issue Tracker Agent,SaaS,Deploy AI agents that read customer feedback and auto-create tickets in tools like Linear or Jira. Add tagging and prioritization logic.,product;automation;nlp,jira-api;linear-api;openai-api,3,2,2,4,agents;product;automation,,,
118,Comment-to-Cart Studio,Services,"Provide comment automation for TikTok Shop creators — deliver reply packs, DM flows, and pinned comment CTAs that drive instant conversions.",tiktok;ads;copywriting,tiktok-api;openai-api;capcut,2,1,1,4,tiktok;automation;commerce,,,
119,Live-Selling Runbook,Digital Products,"Sell repeatable live-selling playbooks for creators — include show prep, script hooks, and retargeting templates.",ads;copywriting;ops,google-docs;canva;capcut,1,1,1,3,tiktok;live;ads,,,
120,UGC Affiliate Toolkit,Digital Products,"Offer a ready-to-use affiliate system for brands and creators — matching sheets, outreach scripts, and tracking templates.",research;copywriting;crm,notion;google-sheets;gmail,1,1,1,3,ugc;affiliates;commerce,,,
121,Policy Tutor (Internal),Services,Convert corporate policy PDFs into interactive micro-tutor chat experiences using Claude or GPT. Add quizzes and compliance logging.,education;prompt-engineering;compliance,claude;chatgpt;pdf-parser,3,2,2,4,b2b;education;compliance,,,
122,AI Output Risk Register,SaaS,"Build a SaaS tool that catalogs AI use cases, risks, and mitigations. Include exportable compliance reports for enterprise clients.",security;governance;ops,notion;google-sheets;openai-api,3,3,2,4,governance;risk;b2b,,,
123,Team Prompt Library + Reviews,Services,"Maintain prompt libraries for companies — add versioning, analytics, and feedback collection for ongoing optimization.",documentation;analytics;prompt-engineering,notion;gdrive;openai-api,2,2,1,3,prompts;ops;b2b,,,
124,Real-Estate Listing Enhancer,Services,"Offer AI listing optimization bundles: image upscaling, property descriptions, and price comparison insights. Target busy realtors.",real-estate;copywriting;image-editing,midjourney;chatgpt;mls-tools,2,1,2,4,real-estate;listings;b2b,,,
125,Healthcare Patient-Edu Packs (Non-diagnostic),Services,"Turn medical pamphlets or PDFs into clear, multilingual educational handouts using AI translation and summarization tools.",education;editing;localization,chatgpt;deepl;canva,2,2,1,3,healthcare;education;translation,,,
126,Startup Narrative Lab,Services,"Use Claude and GPT to help startups craft their origin story, product narrative, and one-page media boilerplate within 72 hours.",branding;copywriting;strategy,claude;chatgpt;gamma,2,2,2,4,startups;branding;media,,,
127,Founder Ops Automation Sprint,Services,"Set up automated workflows for early-stage startups — use Airtable, Zapier, and GPT to handle scheduling, leads, and invoices within 48 hours.",automation;ops;no-code,airtable;zapier;chatgpt,2,2,2,4,b2b;automation;startups,,,
128,Comment-to-DM Agent,SaaS,Deploy AI agents that reply to comments and send automated DMs to capture leads or conversions for social platforms.,automation;nlp;marketing,openai-api;tiktok-api;zapier,3,2,2,4,tiktok;automation;marketing,,,
129,Course Cohort Insight Pack,Services,"Analyze course platform data (Teachable, Kajabi, etc.) using AI to summarize student progress and retention insights for educators.",analytics;education;reporting,chatgpt;google-sheets;notion,3,2,2,4,education;b2b;analytics,,,
130,Enterprise Knowledge Tutor,Services,"Transform internal documentation into conversational AI tutors using Claude and GPT. Perfect for compliance, onboarding, or product training.",education;prompt-engineering;enterprise,claude;chatgpt;vector-db,3,2,3,5,b2b;education;claude,,,
131,AI Content Audit Pro,Services,"Offer audits of companies’ AI-generated content to assess tone, structure, and factual accuracy. Deliver improvement playbooks and reports.",editing;qa;prompt-engineering,chatgpt;notion,3,2,2,4,b2b;content;audit,,,
132,Freelancer Proposal Generator,Digital Products,Sell templates that use AI prompts to auto-generate winning Upwork or Fiverr proposals. Include variations for industries.,writing;freelancing;prompt-engineering,chatgpt;gumroad,1,1,1,3,freelance;templates;proposals,,,
133,Claude Pitch Deck Co-Writer,Services,"Use Claude and Gamma to co-write investor decks, ensuring emotional tone and structure clarity. Deliver finished decks in 48 hours.",storytelling;slides;writing,claude;gamma,2,2,2,4,startups;fundraising;claude,,,
134,Podcast Ad Script Studio,Services,"Offer short, conversion-optimized podcast ad scripts written and refined using AI insights on listener psychology.",scriptwriting;ads;copy,chatgpt;notion,2,1,1,3,podcasts;ads;copy,,,
135,Music Rights Metadata Cleaner,Services,"Use AI to detect missing metadata, mismatched ownership, or copyright tags in music libraries and fix them automatically.",music;data;ops,suno;sheet;notion,3,2,2,4,audio;metadata;ops,,,
136,Creator Workflow Dashboard,Digital Products,"Build Notion templates that integrate ChatGPT prompts, analytics dashboards, and task managers for content creators.",productivity;design;automation,notion;chatgpt;figma,2,2,1,3,creators;templates;automation,,,
137,Automated Webinar Prep Kit,Digital Products,"Bundle prompts and slides that help professionals prepare webinars faster — outlines, Q&A, and timing sheets.",education;presentation;automation,chatgpt;gamma;gdocs,2,2,1,3,education;automation;slides,,,
138,Brand Voice Analytics Tool,SaaS,Develop a SaaS that tracks tone and consistency in company content using GPT or Claude API integrations.,nlp;analytics;branding,openai-api;claude-api,3,3,3,5,b2b;branding;analytics,,,
139,Video Licensing Checker,Services,"Offer brand-safety audits for video content. Use AI to detect unlicensed footage, logos, or watermarks and flag legal risks.",compliance;video;legal,chatgpt;policy-db;runway,3,2,2,4,compliance;video;legal,,,
140,Digital Product Audit,Services,"Provide audits of creators’ digital product funnels using AI-generated insights — spot missing offers, optimize pricing, and increase conversions.",marketing;funnels;analytics,chatgpt;notion,2,2,1,4,digital-products;funnels;consulting,,,
141,Claude Legal Translator,Services,Use Claude’s advanced comprehension to translate and simplify legal documents for global businesses. Deliver summaries and compliance notes.,translation;legal;enterprise,claude;deepl;notion,3,2,2,4,legal;translation;b2b,,,
142,Shorts-to-Blog Converter,Services,Convert short-form video transcripts into SEO-optimized blog posts using AI summarization and rewriting tools.,writing;repurposing;seo,chatgpt;notion;surferseo,2,2,1,3,shorts;blog;content,,,
143,AI Fundraising Story Consultant,Services,Help founders create emotionally compelling fundraising stories using Claude or ChatGPT. Include brand archetypes and narrative frameworks.,storytelling;fundraising;branding,claude;chatgpt;gamma,2,2,2,4,startups;branding;fundraising,,,
144,AI SaaS Microcopy Studio,Services,"Use AI to write interface copy — tooltips, CTAs, and onboarding messages — with a consistent voice and accessibility standards.",ux-writing;product;branding,chatgpt;figma,3,2,2,4,ux;microcopy;branding,,,
145,Influencer Contract Automation,SaaS,Build a tool that auto-generates influencer contracts and tracks approvals using GPT and Notion integrations.,automation;legal;ops,openai-api;notion-api,3,3,2,5,influencer;contracts;automation,,,
146,Creator Pricing Assistant,Services,Offer AI-generated rate cards and negotiation scripts for influencers and freelancers based on niche and audience data.,analytics;pricing;negotiation,chatgpt;sheet,2,2,1,3,influencer;pricing;negotiation,,,
147,AI Thumbnail Variations Pack,Digital Products,"Generate thumbnail design variations using Midjourney, then package PSD templates and visual frameworks for creators.",design;prompt-engineering;research,midjourney;figma;photoshop,2,1,1,3,youtube;design;templates,,,
148,Startup Advisor Chatbot,SaaS,"Build AI chatbots that act as virtual startup advisors — answering funding, legal, and marketing questions using curated knowledge bases.",automation;nlp;startup,openai-api;vector-db;airtable,3,3,2,5,startups;automation;chatbot,,,
149,Webinar Clip Automation,Services,Offer automatic cutting and formatting of webinar recordings into clips with captions and CTA overlays for marketing campaigns.,video;editing;automation,runway;capcut;chatgpt,2,2,2,4,webinar;automation;clips,,,
150,Podcast Topic Miner,Services,Use AI to analyze trending topics and keywords for podcasts. Provide a content calendar with suggested guest pairings and episode angles.,research;content;podcast,chatgpt;notion;podchaser,2,2,1,3,podcast;trends;research,,,
151,Affiliate Funnel Builder,Services,"Use AI to plan and write entire affiliate funnels — opt-in pages, bridge pages, and email sequences — complete with content calendars and offers.",copywriting;funnels;automation,chatgpt;mailchimp;notion,2,2,1,4,affiliate;funnels;automation,,,
152,AI Ebook Factory,Digital Products,Bundle AI-written ebooks using ChatGPT and design layouts in Canva. Sell on Gumroad or Etsy as lead magnets or digital downloads.,writing;design;marketing,chatgpt;canva;gumroad,1,1,1,3,digital-products;ebooks;passive,,,
153,Virtual AI Tutor,Services,Build AI tutors for students using GPT or Claude to explain subjects interactively. Offer custom subjects or private-label setups for schools.,education;nlp;automation,chatgpt;claude;notion,3,3,2,4,education;tutor;automation,,,
154,Copy Refresh Service,Services,"Offer ongoing AI-assisted copy refreshes for existing web pages and ads, ensuring relevancy and seasonal updates automatically.",copywriting;seo;ops,chatgpt;notion,2,2,1,4,b2b;seo;maintenance,,,
155,AI Course Builder,Services,"Use ChatGPT to help educators turn expertise into structured course modules, slides, and marketing copy.",education;content;design,chatgpt;gamma;canva,2,2,1,4,education;courses;creation,,,
156,Social Analytics Reporter,SaaS,Build dashboards that summarize weekly social metrics using AI. Send branded reports via email or Slack automatically.,analytics;automation;reporting,zapier;openai-api;sheet,3,2,2,4,analytics;social;automation,,,
157,Reputation Response Kit,Digital Products,Sell AI-crafted templates for responding to negative reviews or PR crises. Include tone frameworks and sample replies.,pr;writing;ops,chatgpt;notion;canva,1,1,1,3,pr;crisis;templates,,,
158,Notion Automation Assistant,Services,"Integrate ChatGPT into Notion to automate summaries, task tagging, and progress reports for individuals and small teams.",automation;productivity;ops,notion;chatgpt;zapier,2,2,1,3,automation;notion;productivity,,,
159,Resume Tailor Agent,SaaS,Develop a tool that tailors resumes to specific job descriptions using GPT API. Include formatting and keyword optimization.,nlp;automation;career,openai-api;linkedin-api,3,2,2,4,career;automation;nlp,,,
160,YouTube Script Analyzer,Services,"Use AI to analyze successful scripts and identify structure patterns, retention hooks, and tone. Offer feedback reports to creators.",analytics;writing;video,chatgpt;notion,2,2,1,3,youtube;analysis;content,,,
161,Instagram Comment Agent,SaaS,"Create AI agents that auto-reply to comments with brand-safe, engaging responses. Useful for e-commerce stores running paid ads.",nlp;automation;marketing,openai-api;instagram-api,3,2,2,4,social;automation;commerce,,,
162,Newsletter Headline Optimizer,Services,Use AI to test and score newsletter headlines for click-through potential. Offer data-driven suggestions via Notion or Sheets.,analytics;copy;email,chatgpt;sheet,2,2,1,3,email;analytics;copy,,,
163,AI Real Estate Stager,Services,Generate realistic staged interior photos using Midjourney or Kaedim. Help agents visualize empty spaces with design variations.,design;real-estate;rendering,midjourney;kaedim;canva,3,3,2,4,real-estate;design;staging,,,
164,Brand Competitor Tracker,SaaS,Automate competitor content tracking and alert systems using AI summaries and keyword clustering. Provide weekly insights.,analytics;seo;automation,openai-api;google-alerts;sheet,3,3,2,4,b2b;analytics;monitoring,,,
165,Voiceover Clone Service,Services,Clone professional-grade voiceovers for creators with client consent using ElevenLabs or PlayHT. Offer custom brand voices.,audio;voice;branding,elevenlabs;playht;capcut,3,2,2,4,audio;voiceover;branding,,,
166,Translation SaaS Plugin,SaaS,Develop a plugin that auto-translates website content using GPT + DeepL. Offer tiered subscriptions for localization services.,translation;nlp;automation,openai-api;deepl-api,3,3,2,5,translation;automation;b2b,,,
167,Prompt Audit Consultant,Services,"Review and optimize clients’ prompt systems for clarity, bias, and reproducibility. Deliver scoring sheets and improvement guides.",prompt-engineering;consulting;ops,chatgpt;claude;notion,3,2,2,4,b2b;prompt;consulting,,,
168,Freelancer Automation Kit,Digital Products,"Sell automation templates for freelancers — invoice generators, proposal trackers, and CRM flows — built with GPT and Zapier.",automation;freelance;templates,zapier;chatgpt;notion,2,2,1,3,freelance;automation;templates,,,
169,Script-to-Ad Generator,SaaS,"Develop a SaaS that turns AI-written scripts into formatted video ads with captions, voiceovers, and brand overlays.",video;automation;ads,openai-api;sora;runway,3,3,3,5,ads;automation;video,,,
170,AI Business Name Generator,Digital Products,Create a name-generation micro-SaaS using GPT that also checks domain and social availability in real-time.,nlp;branding;seo,openai-api;namechk,2,2,1,3,branding;nlp;domains,,,
171,Customer Journey Map Writer,Services,"Use AI to visualize and document the customer journey for businesses — touchpoints, pain points, and opportunities.",ux;research;copy,chatgpt;miro;notion,2,2,1,4,b2b;ux;strategy,,,
172,Investor Update Summarizer,Services,Help startups summarize financial data and milestones into monthly investor updates using AI summarization tools.,finance;analytics;writing,chatgpt;sheet;notion,3,2,2,4,startups;finance;reporting,,,
173,Course Script Formatter,Services,Format and enhance raw course transcripts into professional lesson scripts and workbooks. Add tone consistency and visuals.,education;editing;layout,chatgpt;canva;notion,2,2,1,3,education;layout;scripts,,,
174,Automated Case Study Builder,SaaS,Build a SaaS that generates formatted case studies from customer interviews using GPT summarization. Add image and quote placeholders.,nlp;automation;writing,openai-api;notion-api,3,3,2,4,b2b;automation;content,,,
175,AI Virtual Assistant Matching,Services,"Match clients with virtual assistants who use AI tools effectively. Provide onboarding, toolkits, and SOP templates.",ops;recruiting;automation,chatgpt;notion;zapier,2,2,1,4,ops;recruiting;ai,,,
176,Prompt Library Marketplace,Digital Products,"Create a curated marketplace of niche prompts for industries like real estate, marketing, and education.",prompt-engineering;marketing;seo,chatgpt;gumroad;figma,2,2,1,3,prompts;marketplace;digital,,,
177,Automated Brand Story Generator,SaaS,"Build a SaaS that asks a few brand questions and outputs complete brand stories, taglines, and positioning statements.",branding;nlp;automation,openai-api;claude-api,3,3,2,5,branding;automation;b2b,,,
178,AI TikTok Analytics Agent,SaaS,"Create a TikTok analytics agent that tracks trends, hashtags, and content performance, summarizing key opportunities weekly.",analytics;tiktok;automation,openai-api;tiktok-api;sheet,3,3,2,4,tiktok;analytics;automation,,,
179,AI Pitch Deck Analyzer,Services,"Use AI to critique and improve pitch decks — scoring narrative, visuals, and data storytelling — for startups or investors.",analytics;slides;fundraising,chatgpt;gamma;notion,3,2,2,4,startups;fundraising;slides,,,
180,Legal Policy Summarizer,Services,"Offer businesses AI-summarized breakdowns of privacy policies, NDAs, or terms. Highlight red flags in plain English.",legal;writing;policy,chatgpt;gdocs,3,2,1,4,legal;policy;b2b,,,
181,AI Thumbnail Optimizer,SaaS,"Develop a SaaS that analyzes YouTube thumbnails for CTR potential, color psychology, and keyword overlay suggestions.",design;analytics;video,openai-api;midjourney,3,3,2,4,youtube;analytics;design,,,
182,Press Release Localizer,Services,Offer localization of press releases for multiple regions using AI. Maintain tone and journalistic standards for each market.,translation;pr;editing,deepl;chatgpt;notion,2,2,1,3,pr;translation;editing,,,
183,Course Sales Chatbot,SaaS,Build chatbots that guide visitors to enroll in online courses — integrate GPT with course platform APIs.,automation;education;nlp,openai-api;teachable-api;zapier,3,3,2,4,education;chatbot;sales,,,
184,AI-Based Ad Tester,Services,Use AI to test ad copy variations and predict engagement. Provide recommendations and a performance report.,ads;analytics;copy,chatgpt;sheet,2,2,1,3,ads;analytics;copy,,,
185,AI Compliance Consultant,Services,"Help companies establish ethical AI usage guidelines, risk frameworks, and documentation using ChatGPT and legal reference models.",policy;legal;consulting,chatgpt;claude;notion,4,3,3,5,legal;compliance;b2b,,,
186,Automated Influencer Brief Generator,SaaS,"Develop a GPT-powered app that auto-creates influencer briefs, contracts, and timelines from campaign goals.",automation;marketing;influencer,openai-api;notion-api,3,3,2,4,influencer;automation;briefs,,,
187,AI Code Reviewer,Services,Use AI to review and suggest improvements to developers’ codebases. Provide reports with explanations and optimization advice.,programming;review;qa,openai-api;github,4,3,3,5,software;qa;development,,,
188,Social Proof Generator,Digital Products,"Create AI templates for brands to generate testimonials, UGC quotes, and success snippets automatically.",copy;social-proof;automation,chatgpt;canva;gumroad,2,1,1,3,marketing;ugc;templates,,,
189,Startup Idea Validator,Services,"Offer rapid idea validation using AI — analyze competitors, costs, and demand. Deliver structured reports to founders.",research;analytics;business,chatgpt;notion;sheet,3,2,2,4,startups;validation;analytics,,,
190,AI Stock Footage Generator,Services,"Use Runway or Kaiber to generate custom stock footage for content creators and brands, offering licenses for reuse.",video;ai;design,runway;kaiber;midjourney,3,3,3,4,video;stock;ai,,,
191,Legal Clause Generator,Digital Products,Sell clause template packs with AI prompts for customizing contracts (non-legal advice).,legal;templates;writing,chatgpt;notion;gumroad,2,1,1,3,legal;templates;contracts,,,
192,Course Quiz Builder,Services,Use AI to create quizzes and interactive assessments for educators. Add analytics for student comprehension tracking.,education;quiz;automation,chatgpt;notion;google-forms,2,2,1,3,education;quiz;automation,,,
193,Product Launch Sequence Writer,Services,"Write multi-channel launch sequences using AI — emails, posts, and ad scripts for creators or startups.",copywriting;marketing;planning,chatgpt;notion;mailchimp,2,2,1,4,marketing;launch;planning,,,
194,AI-Generated Voice Jingles,Services,Offer jingles and audio branding snippets created using Suno or ElevenLabs. Include commercial rights and layered stems.,audio;music;branding,suno;elevenlabs;audacity,3,2,2,4,audio;branding;jingles,,,
195,Influencer Research Dashboard,Digital Products,"Bundle Notion templates and prompts that help brands identify, vet, and manage influencer partnerships with AI tools.",research;marketing;crm,notion;chatgpt;airtable,2,1,1,3,influencer;crm;research,,,
196,AI Product Idea Generator,Digital Products,Create an app or template that uses GPT to brainstorm new product ideas with market analysis and differentiation prompts.,ideation;product;research,chatgpt;notion;figma,2,2,1,3,product;ideation;digital,,,
197,Custom Voice Persona Builder,Services,"Create distinct AI voice personas for brands, matching tone, pacing, and emotion using ElevenLabs or PlayHT.",audio;branding;voice,elevenlabs;playht;capcut,3,2,2,4,voice;branding;audio,,,
198,AI Writing Style Trainer,Services,Train AI models or create prompts to mimic a specific writer’s tone and cadence. Offer personal style-training packages for influencers or CEOs.,writing;training;nlp,chatgpt;claude;notion,3,2,2,4,writing;style;training,,,
199,AI Course Feedback Analyzer,SaaS,Develop a tool that analyzes student feedback and reviews to generate improvement recommendations for course creators.,analytics;education;nlp,openai-api;sheet;notion,3,3,2,4,education;analytics;feedback,,,
200,AI-Enhanced Recruitment Ads,Services,"Use AI to write inclusive and high-conversion job ads, analyzing tone and keyword bias to maximize applications.",hr;copy;analytics,chatgpt;linkedin;sheet,2,2,1,4,hr;ads;copy,,,
201,Sales Script Customizer,Digital Products,Offer an AI tool or template that tailors sales scripts for different buyer personas and objections.,sales;copy;automation,chatgpt;notion;gumroad,2,1,1,3,sales;templates;automation,,,
202,Micro-Course Generator,Services,"Use AI to turn YouTube or podcast content into paid micro-courses with lesson summaries, visuals, and quiz modules.",education;repurposing;design,chatgpt;canva;notion,2,2,1,4,education;repurpose;content,,,
203,AI Licensing Advisor,Services,"Provide consultations on AI licensing, rights, and content usage policies. Deliver tailored reports and prebuilt templates for creators and brands.",legal;consulting;ops,chatgpt;claude;policy-db,3,3,2,5,legal;ai;consulting,,,